carlos;1;1@correo.com
pedro;2;2@correo.com
luis;3;3@correo.com
sandra;4;4@correo.com
diana ;5;1@correo.com
sofia;6;2@correo.com
carlos;7;3@correo.com
pedro;8;4@correo.com
luis;9;1@correo.com
sandra;10;2@correo.com
diana ;11;3@correo.com
sofia;12;4@correo.com
evelin;13;1@correo.com
carlos;14;2@correo.com
pedro;15;3@correo.com
luis;16;4@correo.com
sandra;17;1@correo.com
diana ;18;2@correo.com
sofia;19;3@correo.com
carlos;20;4@correo.com
pedro;21;1@correo.com
luis;22;2@correo.com
sandra;23;3@correo.com
diana ;24;4@correo.com
sofia;25;1@correo.com
evelin;26;2@correo.com
carlos;27;3@correo.com
pedro;28;4@correo.com
luis;29;1@correo.com
sandra;30;2@correo.com
diana ;31;3@correo.com
sofia;32;4@correo.com
carlos;33;1@correo.com
pedro;34;2@correo.com
luis;35;3@correo.com
sandra;36;4@correo.com
diana ;37;1@correo.com
sofia;38;2@correo.com
evelin;39;3@correo.com
carlos;40;4@correo.com
pedro;41;1@correo.com
luis;42;2@correo.com
sandra;43;3@correo.com
diana ;44;4@correo.com
sofia;45;1@correo.com
carlos;46;2@correo.com
pedro;47;3@correo.com
luis;48;4@correo.com
sandra;49;1@correo.com
diana ;50;2@correo.com
sofia;51;3@correo.com
evelin;52;4@correo.com
carlos;53;1@correo.com
pedro;54;2@correo.com
luis;55;3@correo.com
sandra;56;4@correo.com
diana ;57;1@correo.com
sofia;58;2@correo.com
carlos;59;3@correo.com
pedro;60;4@correo.com
luis;61;1@correo.com
sandra;62;2@correo.com
diana ;63;3@correo.com
sofia;64;4@correo.com
evelin;65;1@correo.com
carlos;66;2@correo.com
pedro;67;3@correo.com
luis;68;4@correo.com
sandra;69;1@correo.com
diana ;70;2@correo.com
sofia;71;3@correo.com
carlos;72;4@correo.com
pedro;73;1@correo.com
luis;74;2@correo.com
sandra;75;3@correo.com
diana ;76;4@correo.com
sofia;77;1@correo.com
evelin;78;2@correo.com
carlos;79;3@correo.com
pedro;80;4@correo.com
luis;81;1@correo.com
sandra;82;2@correo.com
diana ;83;3@correo.com
sofia;84;4@correo.com
carlos;85;1@correo.com
pedro;86;2@correo.com
luis;87;3@correo.com
sandra;88;4@correo.com
diana ;89;1@correo.com
sofia;90;2@correo.com
evelin;91;3@correo.com
carlos;92;4@correo.com
pedro;93;1@correo.com
luis;94;2@correo.com
sandra;95;3@correo.com
diana ;96;4@correo.com
sofia;97;1@correo.com
carlos;98;2@correo.com
pedro;99;3@correo.com
luis;100;4@correo.com
sandra;101;1@correo.com
diana ;102;2@correo.com
sofia;103;3@correo.com
evelin;104;4@correo.com
carlos;105;1@correo.com
pedro;106;2@correo.com
luis;107;3@correo.com
sandra;108;4@correo.com
diana ;109;1@correo.com
sofia;110;2@correo.com
carlos;111;3@correo.com
pedro;112;4@correo.com
luis;113;1@correo.com
sandra;114;2@correo.com
diana ;115;3@correo.com
sofia;116;4@correo.com
evelin;117;1@correo.com
carlos;118;2@correo.com
pedro;119;3@correo.com
luis;120;4@correo.com
sandra;121;1@correo.com
diana ;122;2@correo.com
sofia;123;3@correo.com
carlos;124;4@correo.com
pedro;125;1@correo.com
luis;126;2@correo.com
sandra;127;3@correo.com
diana ;128;4@correo.com
sofia;129;1@correo.com
evelin;130;2@correo.com
carlos;131;3@correo.com
pedro;132;4@correo.com
luis;133;1@correo.com
sandra;134;2@correo.com
diana ;135;3@correo.com
sofia;136;4@correo.com
carlos;137;1@correo.com
pedro;138;2@correo.com
luis;139;3@correo.com
sandra;140;4@correo.com
diana ;141;1@correo.com
sofia;142;2@correo.com
evelin;143;3@correo.com
carlos;144;4@correo.com
pedro;145;1@correo.com
luis;146;2@correo.com
sandra;147;3@correo.com
diana ;148;4@correo.com
sofia;149;1@correo.com
carlos;150;2@correo.com
pedro;151;3@correo.com
luis;152;4@correo.com
sandra;153;1@correo.com
diana ;154;2@correo.com
sofia;155;3@correo.com
evelin;156;4@correo.com
carlos;157;1@correo.com
pedro;158;2@correo.com
luis;159;3@correo.com
sandra;160;4@correo.com
diana ;161;1@correo.com
sofia;162;2@correo.com
carlos;163;3@correo.com
pedro;164;4@correo.com
luis;165;1@correo.com
sandra;166;2@correo.com
diana ;167;3@correo.com
sofia;168;4@correo.com
evelin;169;1@correo.com
carlos;170;2@correo.com
pedro;171;3@correo.com
luis;172;4@correo.com
sandra;173;1@correo.com
diana ;174;2@correo.com
sofia;175;3@correo.com
carlos;176;4@correo.com
pedro;177;1@correo.com
luis;178;2@correo.com
sandra;179;3@correo.com
diana ;180;4@correo.com
sofia;181;1@correo.com
evelin;182;2@correo.com
carlos;183;3@correo.com
pedro;184;4@correo.com
luis;185;1@correo.com
sandra;186;2@correo.com
diana ;187;3@correo.com
sofia;188;4@correo.com
carlos;189;1@correo.com
pedro;190;2@correo.com
luis;191;3@correo.com
sandra;192;4@correo.com
diana ;193;1@correo.com
sofia;194;2@correo.com
evelin;195;3@correo.com
carlos;196;4@correo.com
pedro;197;1@correo.com
luis;198;2@correo.com
sandra;199;3@correo.com
;;4@correo.com
